{
    "metrics": {
        "http_req_connecting": {
            "p(95)": 0,
            "avg": 0.0010281375033291483,
            "min": 0,
            "med": 0,
            "max": 6.067084,
            "p(90)": 0
        },
        "http_req_sending": {
            "max": 5.041625,
            "p(90)": 0.010334,
            "p(95)": 0.014292,
            "avg": 0.006322214929802369,
            "min": 0.001583,
            "med": 0.00375
        },
        "http_req_receiving": {
            "p(95)": 0.052042,
            "avg": 0.024277491115930416,
            "min": 0.005583,
            "med": 0.018125,
            "max": 3.810458,
            "p(90)": 0.038791
        },
        "iterations": {
            "count": 8761,
            "rate": 124.78146803658606
        },
        "http_reqs": {
            "count": 26283,
            "rate": 374.3444041097582
        },
        "errors": {
            "fails": 17522,
            "passes": 0,
            "thresholds": {
                "rate<0.01": false
            },
            "value": 0
        },
        "http_req_failed": {
            "passes": 0,
            "fails": 26283,
            "thresholds": {
                "rate<0.01": false
            },
            "value": 0
        },
        "checks": {
            "passes": 61327,
            "fails": 0,
            "value": 1
        },
        "vus": {
            "value": 3,
            "min": 2,
            "max": 100
        },
        "iteration_duration": {
            "p(95)": 507.135209,
            "avg": 503.744703588289,
            "min": 500.875084,
            "med": 503.242958,
            "max": 525.379833,
            "p(90)": 505.939
        },
        "http_req_tls_handshaking": {
            "p(95)": 0,
            "avg": 0,
            "min": 0,
            "med": 0,
            "max": 0,
            "p(90)": 0
        },
        "data_received": {
            "count": 98541906,
            "rate": 1403516.0020321046
        },
        "data_sent": {
            "count": 2436210,
            "rate": 34698.53444189149
        },
        "http_req_duration": {
            "max": 13.250875,
            "p(90)": 1.2804414000000002,
            "p(95)": 1.7013291999999995,
            "avg": 0.6653404966708506,
            "min": 0.123208,
            "med": 0.480792,
            "thresholds": {
                "p(95)<300": false
            }
        },
        "http_req_duration{expected_response:true}": {
            "min": 0.123208,
            "med": 0.480792,
            "max": 13.250875,
            "p(90)": 1.2804414000000002,
            "p(95)": 1.7013291999999995,
            "avg": 0.6653404966708506
        },
        "http_req_blocked": {
            "min": 0.000542,
            "med": 0.001375,
            "max": 6.136,
            "p(90)": 0.003291,
            "p(95)": 0.004583,
            "avg": 0.003187676178518216
        },
        "http_req_waiting": {
            "p(95)": 1.6522912999999995,
            "avg": 0.634740790625121,
            "min": 0.10525,
            "med": 0.449584,
            "max": 13.211,
            "p(90)": 1.2412502
        },
        "vus_max": {
            "value": 100,
            "min": 100,
            "max": 100
        }
    },
    "root_group": {
        "name": "",
        "path": "",
        "id": "d41d8cd98f00b204e9800998ecf8427e",
        "groups": {},
        "checks": {
                "symbols status is 200": {
                    "name": "symbols status is 200",
                    "path": "::symbols status is 200",
                    "id": "8fbe3dbe56a24d0d1dd1562bae7367d2",
                    "passes": 8761,
                    "fails": 0
                },
                "symbols response has data": {
                    "fails": 0,
                    "name": "symbols response has data",
                    "path": "::symbols response has data",
                    "id": "1bf443defda325b87c9003856d935d8b",
                    "passes": 8761
                },
                "latest price status is 200": {
                    "name": "latest price status is 200",
                    "path": "::latest price status is 200",
                    "id": "2cc16dc8956c3f6809bfb4dc57017ca4",
                    "passes": 8761,
                    "fails": 0
                },
                "latest price has required fields": {
                    "name": "latest price has required fields",
                    "path": "::latest price has required fields",
                    "id": "1c62037c98e030706b4ce47f8ff55077",
                    "passes": 8761,
                    "fails": 0
                },
                "candles status is 200": {
                    "name": "candles status is 200",
                    "path": "::candles status is 200",
                    "id": "579fcd8a45170c9e9e4f58ac7d3f2213",
                    "passes": 8761,
                    "fails": 0
                },
                "candles response has data": {
                    "name": "candles response has data",
                    "path": "::candles response has data",
                    "id": "b160947564c2f4e6302f7150636e9919",
                    "passes": 8761,
                    "fails": 0
                },
                "candles have OHLCV data": {
                    "passes": 8761,
                    "fails": 0,
                    "name": "candles have OHLCV data",
                    "path": "::candles have OHLCV data",
                    "id": "78c9bf9dac4677389cc7bfe4fbbcca44"
                }
            }
    }
}