{
    "metrics": {
        "http_req_sending": {
            "p(90)": 0.0287083,
            "p(95)": 0.04213129999999997,
            "avg": 0.0145486597272445,
            "min": 0.001667,
            "med": 0.008917,
            "max": 3.097833
        },
        "http_req_connecting": {
            "max": 8.804042,
            "p(90)": 0,
            "p(95)": 0,
            "avg": 0.0019750339911147837,
            "min": 0,
            "med": 0
        },
        "iteration_duration": {
            "min": 4004.556877,
            "med": 4515.7281485,
            "max": 5047.999002,
            "p(90)": 5022.8778555,
            "p(95)": 5026.920241999999,
            "avg": 4502.06862406115
        },
        "vus_max": {
            "value": 100,
            "min": 100,
            "max": 100
        },
        "checks": {
            "passes": 15521,
            "fails": 0,
            "value": 1
        },
        "vus": {
            "value": 1,
            "min": 1,
            "max": 100
        },
        "data_sent": {
            "count": 2646925,
            "rate": 18487.155521462115
        },
        "orders_placed": {
            "count": 3837,
            "rate": 26.7991030104178,
            "thresholds": {
                "count>100": false
            }
        },
        "http_req_failed": {
            "passes": 0,
            "fails": 19358,
            "thresholds": {
                "rate<0.05": false
            },
            "value": 0
        },
        "http_req_receiving": {
            "avg": 0.034829808916210445,
            "min": 0.005959,
            "med": 0.02275,
            "max": 7.702208,
            "p(90)": 0.067875,
            "p(95)": 0.09104729999999996
        },
        "http_reqs": {
            "count": 19358,
            "rate": 135.20381445808385
        },
        "data_received": {
            "count": 8773740,
            "rate": 61279.218672562696
        },
        "http_req_duration{expected_response:true}": {
            "p(95)": 3.0869223999999993,
            "avg": 1.0754378980783172,
            "min": 0.127541,
            "med": 0.70075,
            "max": 25.39875,
            "p(90)": 2.2955207
        },
        "http_req_waiting": {
            "avg": 1.0260594294348604,
            "min": 0.11575,
            "med": 0.6552915,
            "max": 25.313875,
            "p(90)": 2.2039338000000006,
            "p(95)": 2.996418699999998
        },
        "http_req_blocked": {
            "avg": 0.006644162620105256,
            "min": 0.000583,
            "med": 0.002458,
            "max": 9.020125,
            "p(90)": 0.0085413,
            "p(95)": 0.012625
        },
        "http_req_tls_handshaking": {
            "p(90)": 0,
            "p(95)": 0,
            "avg": 0,
            "min": 0,
            "med": 0,
            "max": 0
        },
        "iterations": {
            "count": 1946,
            "rate": 13.591622220034672
        },
        "errors": {
            "passes": 0,
            "fails": 0,
            "thresholds": {
                "rate<0.05": false
            },
            "value": 0
        },
        "http_req_duration": {
            "avg": 1.0754378980783172,
            "min": 0.127541,
            "med": 0.70075,
            "max": 25.39875,
            "p(90)": 2.2955207,
            "p(95)": 3.0869223999999993,
            "thresholds": {
                "p(95)<800": false
            }
        },
        "users_created": {
            "count": 1947,
            "rate": 13.598606609664701
        }
    },
    "root_group": {
        "name": "",
        "path": "",
        "id": "d41d8cd98f00b204e9800998ecf8427e",
        "groups": {},
        "checks": {
                "user created successfully": {
                    "passes": 1947,
                    "fails": 0,
                    "name": "user created successfully",
                    "path": "::user created successfully",
                    "id": "d245ec4bd9008c369777a5ee9a196eee"
                },
                "market data retrieved": {
                    "name": "market data retrieved",
                    "path": "::market data retrieved",
                    "id": "b17460b8996271664a216ff5cab732a5",
                    "passes": 5843,
                    "fails": 0
                },
                "order placed successfully": {
                    "passes": 3837,
                    "fails": 0,
                    "name": "order placed successfully",
                    "path": "::order placed successfully",
                    "id": "e7db599601a704dfa58ab8748d495c5c"
                },
                "positions retrieved": {
                    "id": "2be14bf83cecdcf8912033701c05b048",
                    "passes": 1947,
                    "fails": 0,
                    "name": "positions retrieved",
                    "path": "::positions retrieved"
                },
                "balance retrieved": {
                    "name": "balance retrieved",
                    "path": "::balance retrieved",
                    "id": "41bdcbfccbf8e24e299bcd62085ae177",
                    "passes": 1947,
                    "fails": 0
                }
            }
    }
}