{
    "metrics": {
        "http_req_failed": {
            "fails": 19501,
            "passes": 0,
            "thresholds": {
                "rate<0.05": false
            },
            "value": 0
        },
        "http_req_sending": {
            "p(90)": 0.025708,
            "p(95)": 0.0385,
            "avg": 0.014846225680734284,
            "min": 0.00175,
            "med": 0.008,
            "max": 8.622
        },
        "http_req_receiving": {
            "p(90)": 0.066208,
            "p(95)": 0.088708,
            "avg": 0.03495731280447157,
            "min": 0.005709,
            "med": 0.0225,
            "max": 4.577792
        },
        "iteration_duration": {
            "avg": 4531.027701083678,
            "min": 4004.827585,
            "med": 4518.126252,
            "max": 5118.674794,
            "p(90)": 5026.6291895,
            "p(95)": 5032.1742105
        },
        "http_req_tls_handshaking": {
            "avg": 0,
            "min": 0,
            "med": 0,
            "max": 0,
            "p(90)": 0,
            "p(95)": 0
        },
        "http_reqs": {
            "count": 19501,
            "rate": 136.17055214054295
        },
        "http_req_blocked": {
            "min": 0.000625,
            "med": 0.002292,
            "max": 11.517,
            "p(90)": 0.007208,
            "p(95)": 0.011708,
            "avg": 0.007432342136300577
        },
        "http_req_connecting": {
            "max": 11.430583,
            "p(90)": 0,
            "p(95)": 0,
            "avg": 0.0028684877185785338,
            "min": 0,
            "med": 0
        },
        "iterations": {
            "rate": 13.518598479262147,
            "count": 1936
        },
        "vus": {
            "value": 2,
            "min": 2,
            "max": 100
        },
        "data_sent": {
            "rate": 18664.883127617624,
            "count": 2673000
        },
        "errors": {
            "passes": 0,
            "fails": 0,
            "thresholds": {
                "rate<0.05": false
            },
            "value": 0
        },
        "http_req_duration": {
            "avg": 1.2747591532229159,
            "min": 0.138625,
            "med": 0.762083,
            "max": 22.489208,
            "p(90)": 2.781875,
            "p(95)": 3.874833,
            "thresholds": {
                "p(95)<800": false
            }
        },
        "orders_placed": {
            "count": 3922,
            "rate": 27.386334315943255,
            "thresholds": {
                "count>100": false
            }
        },
        "http_req_duration{expected_response:true}": {
            "max": 22.489208,
            "p(90)": 2.781875,
            "p(95)": 3.874833,
            "avg": 1.2747591532229159,
            "min": 0.138625,
            "med": 0.762083
        },
        "checks": {
            "passes": 15579,
            "fails": 0,
            "value": 1
        },
        "http_req_waiting": {
            "avg": 1.2249556147377088,
            "min": 0.123333,
            "med": 0.719292,
            "max": 22.471625,
            "p(90)": 2.698125,
            "p(95)": 3.789583
        },
        "data_received": {
            "count": 8854132,
            "rate": 61826.1649743731
        },
        "vus_max": {
            "value": 100,
            "min": 100,
            "max": 100
        },
        "users_created": {
            "count": 1938,
            "rate": 13.532563973558906
        }
    },
    "root_group": {
        "path": "",
        "id": "d41d8cd98f00b204e9800998ecf8427e",
        "groups": {},
        "checks": {
                "user created successfully": {
                    "name": "user created successfully",
                    "path": "::user created successfully",
                    "id": "d245ec4bd9008c369777a5ee9a196eee",
                    "passes": 1938,
                    "fails": 0
                },
                "market data retrieved": {
                    "fails": 0,
                    "name": "market data retrieved",
                    "path": "::market data retrieved",
                    "id": "b17460b8996271664a216ff5cab732a5",
                    "passes": 5843
                },
                "order placed successfully": {
                    "name": "order placed successfully",
                    "path": "::order placed successfully",
                    "id": "e7db599601a704dfa58ab8748d495c5c",
                    "passes": 3922,
                    "fails": 0
                },
                "positions retrieved": {
                    "name": "positions retrieved",
                    "path": "::positions retrieved",
                    "id": "2be14bf83cecdcf8912033701c05b048",
                    "passes": 1938,
                    "fails": 0
                },
                "balance retrieved": {
                    "path": "::balance retrieved",
                    "id": "41bdcbfccbf8e24e299bcd62085ae177",
                    "passes": 1938,
                    "fails": 0,
                    "name": "balance retrieved"
                }
            },
        "name": ""
    }
}