{
    "metrics": {
        "http_req_failed": {
            "passes": 19499,
            "fails": 19499,
            "thresholds": {
                "rate<0.01": true
            },
            "value": 0.5
        },
        "errors": {
            "passes": 19499,
            "fails": 0,
            "thresholds": {
                "rate<0.01": true
            },
            "value": 1
        },
        "vus_max": {
            "value": 100,
            "min": 100,
            "max": 100
        },
        "http_req_tls_handshaking": {
            "avg": 0,
            "min": 0,
            "med": 0,
            "max": 0,
            "p(90)": 0,
            "p(95)": 0
        },
        "data_received": {
            "count": 13922286,
            "rate": 29004.264983679328
        },
        "data_sent": {
            "count": 7624019,
            "rate": 15883.100470469137
        },
        "http_req_connecting": {
            "max": 8.249375,
            "p(90)": 0,
            "p(95)": 0,
            "avg": 0.00921348966613674,
            "min": 0,
            "med": 0
        },
        "iteration_duration": {
            "avg": 3.92399694225348,
            "min": 0.615,
            "med": 3.843125,
            "max": 29.184291,
            "p(90)": 6.395816400000001,
            "p(95)": 7.471930099999996
        },
        "http_reqs": {
            "count": 38998,
            "rate": 81.24443973019419
        },
        "iterations": {
            "count": 19499,
            "rate": 40.622219865097094
        },
        "vus": {
            "value": 0,
            "min": 0,
            "max": 1
        },
        "checks": {
            "passes": 19499,
            "fails": 19499,
            "value": 0.5
        },
        "http_req_duration{expected_response:true}": {
            "p(90)": 3.9577328000000005,
            "p(95)": 5.0243791,
            "avg": 2.181964055797731,
            "min": 0.263625,
            "med": 1.903,
            "max": 20.43325
        },
        "users_created": {
            "count": 19499,
            "rate": 40.622219865097094
        },
        "http_req_duration": {
            "avg": 1.664857005333602,
            "min": 0.163917,
            "med": 1.3680415,
            "max": 20.43325,
            "p(90)": 3.1715544,
            "p(95)": 4.244959799999999,
            "thresholds": {
                "p(95)<1000": false
            }
        },
        "http_req_blocked": {
            "p(95)": 0.02113129999999993,
            "avg": 0.020674155700292168,
            "min": 0.000833,
            "med": 0.005333,
            "max": 8.342291,
            "p(90)": 0.013458
        },
        "http_req_waiting": {
            "max": 20.192166,
            "p(90)": 2.9867830000000004,
            "p(95)": 4.0545956,
            "avg": 1.5577982998102617,
            "min": 0.150292,
            "med": 1.268021
        },
        "http_req_receiving": {
            "min": 0.007959,
            "med": 0.05275,
            "max": 7.064125,
            "p(90)": 0.10392930000000003,
            "p(95)": 0.13542944999999987,
            "avg": 0.06824668577875814
        },
        "http_req_sending": {
            "med": 0.022292,
            "max": 13.279875,
            "p(90)": 0.0650413,
            "p(95)": 0.08750614999999992,
            "avg": 0.03881201974460224,
            "min": 0.003083
        }
    },
    "root_group": {
        "checks": {
            "user created": {
                "name": "user created",
                "path": "::user created",
                "id": "930063999e03aa68a1093f2d5ac2107d",
                "passes": 19499,
                "fails": 0
            },
            "order placed": {
                "passes": 0,
                "fails": 19499,
                "name": "order placed",
                "path": "::order placed",
                "id": "75dab9bedc17d036da55ed69e40c4021"
            }
        },
        "name": "",
        "path": "",
        "id": "d41d8cd98f00b204e9800998ecf8427e",
        "groups": {}
    }
}