{
    "metrics": {
        "http_req_duration": {
            "avg": 1.6235286900250256,
            "min": 0.21325,
            "med": 1.398583,
            "max": 12.807541,
            "p(90)": 3.1153086000000005,
            "p(95)": 3.768624799999998,
            "thresholds": {
                "p(95)<500": false
            }
        },
        "data_received": {
            "rate": 20249.24338681941,
            "count": 1427883
        },
        "http_req_connecting": {
            "max": 1.311875,
            "p(90)": 0,
            "p(95)": 0,
            "avg": 0.004097739363603861,
            "min": 0,
            "med": 0
        },
        "data_sent": {
            "count": 497567,
            "rate": 7056.149057205368
        },
        "iterations": {
            "count": 1398,
            "rate": 19.825463469187273
        },
        "http_req_receiving": {
            "med": 0.037459,
            "max": 0.667375,
            "p(90)": 0.1077418,
            "p(95)": 0.13926639999999996,
            "avg": 0.05204797604576325,
            "min": 0.00875
        },
        "vus": {
            "value": 2,
            "min": 1,
            "max": 30
        },
        "iteration_duration": {
            "max": 1019.577959,
            "p(90)": 1008.0630417,
            "p(95)": 1009.0190321,
            "avg": 1005.1119963612304,
            "min": 1000.754917,
            "med": 1005.17898
        },
        "http_req_failed": {
            "passes": 0,
            "fails": 2797,
            "thresholds": {
                "rate<0.05": false
            },
            "value": 0
        },
        "http_req_blocked": {
            "avg": 0.011939811941365673,
            "min": 0.000708,
            "med": 0.0045,
            "max": 1.504,
            "p(90)": 0.012917,
            "p(95)": 0.01614179999999999
        },
        "http_req_sending": {
            "max": 1.297333,
            "p(90)": 0.037,
            "p(95)": 0.04975,
            "avg": 0.023317932427601003,
            "min": 0.002917,
            "med": 0.016917
        },
        "vus_max": {
            "value": 30,
            "min": 30,
            "max": 30
        },
        "http_req_duration{expected_response:true}": {
            "avg": 1.6235286900250256,
            "min": 0.21325,
            "med": 1.398583,
            "max": 12.807541,
            "p(90)": 3.1153086000000005,
            "p(95)": 3.768624799999998
        },
        "http_req_tls_handshaking": {
            "max": 0,
            "p(90)": 0,
            "p(95)": 0,
            "avg": 0,
            "min": 0,
            "med": 0
        },
        "http_req_waiting": {
            "p(90)": 2.993716,
            "p(95)": 3.6820915999999997,
            "avg": 1.5481627815516612,
            "min": 0.183375,
            "med": 1.32075,
            "max": 12.665333
        },
        "errors": {
            "passes": 0,
            "fails": 1398,
            "thresholds": {
                "rate<0.05": false
            },
            "value": 0
        },
        "http_reqs": {
            "rate": 39.66510824271588,
            "count": 2797
        },
        "checks": {
            "passes": 2796,
            "fails": 0,
            "value": 1
        }
    },
    "setup_data": {
        "userId": "238eed0f-4ecb-49e1-acec-e989590d834a"
    },
    "root_group": {
        "name": "",
        "path": "",
        "id": "d41d8cd98f00b204e9800998ecf8427e",
        "groups": {},
        "checks": {
                "market order status is 201": {
                    "id": "b04d6bd9cdb9eb7dce4ebca623b24bf3",
                    "passes": 338,
                    "fails": 0,
                    "name": "market order status is 201",
                    "path": "::market order status is 201"
                },
                "market order filled": {
                    "name": "market order filled",
                    "path": "::market order filled",
                    "id": "68ad30ff7c90e852cac1d890888e4ad1",
                    "passes": 338,
                    "fails": 0
                },
                "stop order status is 201": {
                    "passes": 351,
                    "fails": 0,
                    "name": "stop order status is 201",
                    "path": "::stop order status is 201",
                    "id": "55cdfdff2c3900ca3eb0c7096708b706"
                },
                "stop order created": {
                    "name": "stop order created",
                    "path": "::stop order created",
                    "id": "75ec61c05d982af2928f1a5c0b60ba1f",
                    "passes": 351,
                    "fails": 0
                },
                "take-profit order status is 201": {
                    "fails": 0,
                    "name": "take-profit order status is 201",
                    "path": "::take-profit order status is 201",
                    "id": "cfbc516803591abb7a00cec3b26a29e0",
                    "passes": 336
                },
                "take-profit order created": {
                    "passes": 336,
                    "fails": 0,
                    "name": "take-profit order created",
                    "path": "::take-profit order created",
                    "id": "518aa0ba0f195ab3bf0e14b95b1cc1ae"
                },
                "limit order status is 201": {
                    "path": "::limit order status is 201",
                    "id": "5b14d77b05ab4196f05cb6e33747cc12",
                    "passes": 373,
                    "fails": 0,
                    "name": "limit order status is 201"
                },
                "limit order created": {
                    "fails": 0,
                    "name": "limit order created",
                    "path": "::limit order created",
                    "id": "2338cbfcda8d2e1de985d5f795ab105f",
                    "passes": 373
                }
            }
    }
}